,date,x1,x2,high,low,close,width
0,2019-03-13,95781.78125,95884.37109375,25776.490234375,25571.310546875,25702.890625,102.58984375
1,2019-03-14,95884.37109375,95950.1357421875,25752.83984375,25621.310546875,25709.939453125,65.7646484375
2,2019-03-15,95950.1357421875,96089.2412109375,25927.91015625,25649.69921875,25848.869140625,139.10546875
3,2019-03-18,96089.2412109375,96158.7958984375,25924.76953125,25785.66015625,25914.099609375,69.5546875
4,2019-03-19,96158.7958984375,96306.17578125,26109.6796875,25814.919921875,25887.380859375,147.3798828125
5,2019-03-20,96306.17578125,96435.6201171875,25929.51953125,25670.630859375,25745.669921875,129.4443359375
6,2019-03-21,96435.6201171875,96611.6806640625,26009.900390625,25657.779296875,25962.509765625,176.060546875
7,2019-03-22,96611.6806640625,96799.4609375,25877.009765625,25501.44921875,25502.3203125,187.7802734375
8,2019-03-25,96799.4609375,96914.9658203125,25603.26953125,25372.259765625,25516.830078125,115.5048828125
9,2019-03-26,96914.9658203125,97040.720703125,25796.2890625,25544.779296875,25657.73046875,125.7548828125
10,2019-03-27,97040.720703125,97207.1708984375,25758.169921875,25425.26953125,25625.58984375,166.4501953125
11,2019-03-28,97207.1708984375,97290.53125,25743.41015625,25576.689453125,25717.4609375,83.3603515625
12,2019-03-29,97290.53125,97379.3564453125,25949.3203125,25771.669921875,25928.6796875,88.8251953125
13,2019-04-01,97379.3564453125,97483.9619140625,26280.900390625,26071.689453125,26258.419921875,104.60546875
14,2019-04-02,97483.9619140625,97533.4267578125,26221.240234375,26122.310546875,26179.130859375,49.46484375
15,2019-04-03,97533.4267578125,97605.2763671875,26282.169921875,26138.470703125,26218.130859375,71.849609375
16,2019-04-04,97605.2763671875,97698.3369140625,26398.900390625,26212.779296875,26384.630859375,93.060546875
17,2019-04-05,97698.3369140625,97756.7119140625,26487.5703125,26370.8203125,26424.990234375,58.375
18,2019-04-08,97756.7119140625,97806.0224609375,26344.650390625,26246.029296875,26341.01953125,49.310546875
19,2019-04-09,97806.0224609375,97877.6220703125,26246.33984375,26103.140625,26150.580078125,71.599609375
20,2019-04-10,97877.6220703125,97931.7470703125,26209.490234375,26101.240234375,26157.16015625,54.125
21,2019-04-11,97931.7470703125,98015.392578125,26229.880859375,26062.58984375,26143.05078125,83.6455078125
22,2019-04-12,98015.392578125,98078.8720703125,26436.6796875,26309.720703125,26412.30078125,63.4794921875
23,2019-04-15,98078.8720703125,98133.0869140625,26424.849609375,26316.419921875,26384.76953125,54.21484375
24,2019-04-16,98133.0869140625,98199.84765625,26530.7109375,26397.189453125,26452.66015625,66.7607421875
25,2019-04-17,98199.84765625,98254.427734375,26501.01953125,26391.859375,26449.5390625,54.580078125
26,2019-04-18,98254.427734375,98333.373046875,26602.419921875,26444.529296875,26559.5390625,78.9453125
27,2019-04-22,98333.373046875,98380.59375,26553.05078125,26458.609375,26511.05078125,47.220703125
28,2019-04-23,98380.59375,98476.7939453125,26695.9609375,26503.560546875,26656.390625,96.2001953125
29,2019-04-24,98476.7939453125,98525.654296875,26680.580078125,26582.859375,26597.05078125,48.8603515625
30,2019-04-25,98525.654296875,98638.7548828125,26536.48046875,26310.279296875,26462.080078125,113.1005859375
31,2019-04-26,98638.7548828125,98714.259765625,26543.560546875,26392.55078125,26543.330078125,75.5048828125
32,2019-04-29,98714.259765625,98755.154296875,26602.5390625,26520.75,26554.390625,40.89453125
33,2019-04-30,98755.154296875,98852.4384765625,26614.0390625,26419.470703125,26592.91015625,97.2841796875
34,2019-05-01,98852.4384765625,98983.943359375,26689.390625,26426.380859375,26430.140625,131.5048828125
35,2019-05-02,98983.943359375,99121.1083984375,26454.689453125,26180.359375,26307.7890625,137.1650390625
36,2019-05-03,99121.1083984375,99203.5439453125,26534.9609375,26370.08984375,26504.94921875,82.435546875
37,2019-05-06,99203.5439453125,99424.7041015625,26476.26953125,26033.94921875,26438.48046875,221.16015625
38,2019-05-07,99424.7041015625,99668.298828125,26276.900390625,25789.7109375,25965.08984375,243.5947265625
39,2019-05-08,99668.298828125,99782.6435546875,26118.099609375,25889.41015625,25967.330078125,114.3447265625
40,2019-05-09,99782.6435546875,99966.3935546875,25884.890625,25517.390625,25828.359375,183.75
41,2019-05-10,99966.3935546875,100241.1240234375,26019.3203125,25469.859375,25942.369140625,274.73046875
42,2019-05-13,100241.1240234375,100413.8994140625,25568.060546875,25222.509765625,25324.990234375,172.775390625
43,2019-05-14,100413.8994140625,100566.365234375,25688.9609375,25384.029296875,25532.05078125,152.4658203125
44,2019-05-15,100566.365234375,100757.8408203125,25724.890625,25341.939453125,25648.01953125,191.4755859375
45,2019-05-16,100757.8408203125,100890.5859375,25957.630859375,25692.140625,25862.6796875,132.7451171875
46,2019-05-17,100890.5859375,101036.06640625,25948.740234375,25657.779296875,25764.0,145.48046875
47,2019-05-20,101036.06640625,101131.646484375,25751.7109375,25560.55078125,25679.900390625,95.580078125
48,2019-05-21,101131.646484375,101190.9765625,25898.26953125,25779.609375,25877.330078125,59.330078125
49,2019-05-22,101190.9765625,101252.52734375,25878.2109375,25755.109375,25776.609375,61.55078125
50,2019-05-23,101252.52734375,101417.4775390625,25657.990234375,25328.08984375,25490.470703125,164.9501953125
51,2019-05-24,101417.4775390625,101504.783203125,25670.810546875,25496.19921875,25585.689453125,87.3056640625
52,2019-05-28,101504.783203125,101692.458984375,25717.630859375,25342.279296875,25347.76953125,187.67578125
53,2019-05-29,101692.458984375,101839.0693359375,25231.4609375,24938.240234375,25126.41015625,146.6103515625
54,2019-05-30,101839.0693359375,101914.9638671875,25218.5390625,25066.75,25169.880859375,75.89453125
55,2019-05-31,101914.9638671875,102033.3642578125,25046.310546875,24809.509765625,24815.0390625,118.400390625
56,2019-06-03,102033.3642578125,102160.6845703125,24935.2109375,24680.5703125,24819.779296875,127.3203125
57,2019-06-04,102160.6845703125,102351.1591796875,25343.76953125,24962.8203125,25332.1796875,190.474609375
58,2019-06-05,102351.1591796875,102436.69921875,25544.66015625,25373.580078125,25539.5703125,85.5400390625
59,2019-06-06,102436.69921875,102577.82421875,25800.30078125,25518.05078125,25720.66015625,141.125
60,2019-06-07,102577.82421875,102729.8388671875,26072.75,25768.720703125,25983.939453125,152.0146484375
61,2019-06-10,102729.8388671875,102807.98828125,26210.609375,26054.310546875,26062.6796875,78.1494140625
62,2019-06-11,102807.98828125,102932.888671875,26248.669921875,25998.869140625,26048.509765625,124.900390625
63,2019-06-12,102932.888671875,102994.6083984375,26082.099609375,25958.66015625,26004.830078125,61.7197265625
64,2019-06-13,102994.6083984375,103070.2080078125,26146.91015625,25995.7109375,26106.76953125,75.599609375
65,2019-06-14,103070.2080078125,103157.302734375,26162.279296875,25988.08984375,26089.609375,87.0947265625
66,2019-06-17,103157.302734375,103215.2919921875,26165.779296875,26049.80078125,26112.529296875,57.9892578125
67,2019-06-18,103215.2919921875,103365.0068359375,26527.189453125,26227.759765625,26465.5390625,149.71484375
68,2019-06-19,103365.0068359375,103442.3564453125,26569.75,26415.05078125,26504.0,77.349609375
69,2019-06-20,103442.3564453125,103571.8271484375,26798.630859375,26539.689453125,26753.169921875,129.470703125
70,2019-06-21,103571.8271484375,103672.5771484375,26907.369140625,26705.869140625,26719.130859375,100.75
71,2019-06-24,103672.5771484375,103714.15234375,26806.51953125,26723.369140625,26727.5390625,41.5751953125
72,2019-06-25,103714.15234375,103826.4775390625,26752.310546875,26527.66015625,26548.220703125,112.3251953125
73,2019-06-26,103826.4775390625,103888.33203125,26660.0390625,26536.330078125,26536.8203125,61.8544921875
74,2019-06-27,103888.33203125,103959.2919921875,26607.240234375,26465.3203125,26526.580078125,70.9599609375
75,2019-06-28,103959.2919921875,104017.33203125,26638.349609375,26522.26953125,26599.9609375,58.0400390625
76,2019-07-01,104017.33203125,104154.546875,26890.640625,26616.2109375,26717.4296875,137.21484375
77,2019-07-02,104154.546875,104232.001953125,26787.560546875,26632.650390625,26786.6796875,77.455078125
78,2019-07-03,104232.001953125,104299.2822265625,26966.0,26831.439453125,26966.0,67.2802734375
79,2019-07-05,104299.2822265625,104408.0224609375,26950.810546875,26733.330078125,26922.119140625,108.740234375
80,2019-07-08,104408.0224609375,104455.158203125,26839.140625,26744.869140625,26806.140625,47.1357421875
81,2019-07-09,104455.158203125,104526.22265625,26807.69921875,26665.5703125,26783.490234375,71.064453125
82,2019-07-10,104526.22265625,104611.392578125,26983.44921875,26813.109375,26860.19921875,85.169921875
83,2019-07-11,104611.392578125,104697.45703125,27088.44921875,26916.3203125,27088.080078125,86.064453125
84,2019-07-12,104697.45703125,104796.626953125,27333.7890625,27135.44921875,27332.029296875,99.169921875
85,2019-07-15,104796.626953125,104831.88671875,27364.689453125,27294.169921875,27359.16015625,35.259765625
86,2019-07-16,104831.88671875,104886.1064453125,27398.6796875,27290.240234375,27335.630859375,54.2197265625
87,2019-07-17,104886.1064453125,104948.4462890625,27343.060546875,27218.380859375,27219.849609375,62.33984375
88,2019-07-18,104948.4462890625,105047.45703125,27266.810546875,27068.7890625,27222.970703125,99.0107421875
89,2019-07-19,105047.45703125,105146.0478515625,27342.9609375,27145.779296875,27154.19921875,98.5908203125
90,2019-07-22,105146.0478515625,105215.482421875,27227.76953125,27088.900390625,27171.900390625,69.4345703125
91,2019-07-23,105215.482421875,105297.59765625,27368.810546875,27204.580078125,27349.189453125,82.115234375
92,2019-07-24,105297.59765625,105347.5576171875,27291.0390625,27191.119140625,27269.970703125,49.9599609375
93,2019-07-25,105347.5576171875,105465.5322265625,27298.4296875,27062.48046875,27140.98046875,117.974609375
94,2019-07-26,105465.5322265625,105510.7568359375,27213.69921875,27123.25,27192.44921875,45.224609375
95,2019-07-29,105510.7568359375,105559.6513671875,27275.849609375,27178.060546875,27221.349609375,48.89453125
96,2019-07-30,105559.6513671875,105636.9013671875,27224.359375,27069.859375,27198.01953125,77.25
97,2019-07-31,105636.9013671875,105917.9267578125,27281.650390625,26719.599609375,26864.26953125,281.025390625
98,2019-08-01,105917.9267578125,106231.3662109375,27175.58984375,26548.7109375,26583.419921875,313.439453125
99,2019-08-02,106231.3662109375,106391.765625,26570.01953125,26249.220703125,26485.009765625,160.3994140625
100,2019-08-05,106391.765625,106759.6904296875,26259.23046875,25523.380859375,25717.740234375,367.9248046875
101,2019-08-06,106759.6904296875,106923.595703125,26038.6796875,25710.869140625,26029.51953125,163.9052734375
102,2019-08-07,106923.595703125,107240.005859375,26073.2109375,25440.390625,26007.0703125,316.41015625
103,2019-08-08,107240.005859375,107412.7607421875,26383.609375,26038.099609375,26378.189453125,172.7548828125
104,2019-08-09,107412.7607421875,107570.6201171875,26413.359375,26097.640625,26287.439453125,157.859375
105,2019-08-12,107570.6201171875,107747.625,26178.94921875,25824.939453125,25896.439453125,177.0048828125
106,2019-08-13,107747.625,108044.4853515625,26426.970703125,25833.25,26279.91015625,296.8603515625
107,2019-08-14,108044.4853515625,108326.23046875,26035.080078125,25471.58984375,25479.419921875,281.7451171875
108,2019-08-15,108326.23046875,108476.275390625,25639.689453125,25339.599609375,25579.390625,150.044921875
109,2019-08-16,108476.275390625,108602.015625,25929.650390625,25678.169921875,25886.009765625,125.740234375
110,2019-08-19,108602.015625,108703.1455078125,26222.3203125,26020.060546875,26135.7890625,101.1298828125
111,2019-08-20,108703.1455078125,108807.205078125,26160.119140625,25952.0,25962.439453125,104.0595703125
112,2019-08-21,108807.205078125,108870.48046875,26268.3203125,26141.76953125,26202.73046875,63.275390625
113,2019-08-22,108870.48046875,109015.365234375,26388.779296875,26099.009765625,26252.240234375,144.884765625
114,2019-08-23,109015.365234375,109421.919921875,26320.2890625,25507.1796875,25628.900390625,406.5546875
115,2019-08-26,109421.919921875,109534.349609375,25941.25,25716.390625,25898.830078125,112.4296875
116,2019-08-27,109534.349609375,109700.4345703125,26054.01953125,25721.849609375,25777.900390625,166.0849609375
117,2019-08-28,109700.4345703125,109902.5048828125,26041.5703125,25637.4296875,26036.099609375,202.0703125
118,2019-08-29,109902.5048828125,110014.0693359375,26408.83984375,26185.7109375,26362.25,111.564453125
119,2019-08-30,110014.0693359375,110123.583984375,26514.619140625,26295.58984375,26403.279296875,109.5146484375
120,2019-09-03,110123.583984375,110233.603515625,26198.259765625,25978.220703125,26118.01953125,110.01953125
121,2019-09-04,110233.603515625,110292.55859375,26362.349609375,26244.439453125,26355.470703125,58.955078125
122,2019-09-05,110292.55859375,110409.1337890625,26836.30078125,26603.150390625,26728.150390625,116.5751953125
123,2019-09-06,110409.1337890625,110485.373046875,26860.869140625,26708.390625,26797.4609375,76.2392578125
124,2019-09-09,110485.373046875,110554.6982421875,26900.830078125,26762.1796875,26835.509765625,69.3251953125
125,2019-09-10,110554.6982421875,110650.8876953125,26909.4296875,26717.05078125,26909.4296875,96.189453125
126,2019-09-11,110650.8876953125,110776.6669921875,27137.0390625,26885.48046875,27137.0390625,125.779296875
127,2019-09-12,110776.6669921875,110877.52734375,27306.73046875,27105.009765625,27182.44921875,100.8603515625
128,2019-09-13,110877.52734375,110919.328125,27277.55078125,27193.94921875,27219.51953125,41.80078125
129,2019-09-16,110919.328125,110989.482421875,27172.869140625,27032.560546875,27076.8203125,70.154296875
130,2019-09-17,110989.482421875,111052.8125,27110.80078125,26984.140625,27110.80078125,63.330078125
131,2019-09-18,111052.8125,111184.2021484375,27161.9296875,26899.150390625,27147.080078125,131.3896484375
132,2019-09-19,111184.2021484375,111288.181640625,27272.169921875,27064.2109375,27094.7890625,103.9794921875
133,2019-09-20,111288.181640625,111422.216796875,27194.75,26926.6796875,26935.0703125,134.03515625
134,2019-09-23,111422.216796875,111512.08203125,27011.0703125,26831.33984375,26949.990234375,89.865234375
135,2019-09-24,111512.08203125,111699.44140625,27079.6796875,26704.9609375,26807.76953125,187.359375
136,2019-09-25,111699.44140625,111829.7919921875,27016.560546875,26755.859375,26970.7109375,130.3505859375
137,2019-09-26,111829.7919921875,111935.4072265625,27015.0703125,26803.83984375,26891.119140625,105.615234375
138,2019-09-27,111935.4072265625,112083.7666015625,27012.5390625,26715.8203125,26820.25,148.359375
139,2019-09-30,112083.7666015625,112157.03125,26998.859375,26852.330078125,26916.830078125,73.2646484375
140,2019-10-01,112157.03125,112399.0263671875,27046.2109375,26562.220703125,26573.0390625,241.9951171875
141,2019-10-02,112399.0263671875,112630.986328125,26438.0390625,25974.119140625,26078.619140625,231.9599609375
142,2019-10-03,112630.986328125,112861.85546875,26205.19921875,25743.4609375,26201.0390625,230.869140625
143,2019-10-04,112861.85546875,113021.3759765625,26590.740234375,26271.69921875,26573.720703125,159.5205078125
144,2019-10-07,113021.3759765625,113137.0263671875,26655.83984375,26424.5390625,26478.01953125,115.650390625
145,2019-10-08,113137.0263671875,113278.03125,26421.810546875,26139.80078125,26164.0390625,141.0048828125
146,2019-10-09,113278.03125,113365.3115234375,26424.310546875,26249.75,26346.009765625,87.2802734375
147,2019-10-10,113365.3115234375,113509.7119140625,26603.310546875,26314.509765625,26496.669921875,144.400390625
148,2019-10-11,113509.7119140625,113669.59765625,27013.970703125,26694.19921875,26816.58984375,159.8857421875
149,2019-10-14,113669.59765625,113732.1728515625,26874.330078125,26749.1796875,26787.359375,62.5751953125
150,2019-10-15,113732.1728515625,113886.6279296875,27120.109375,26811.19921875,27024.80078125,154.455078125
151,2019-10-16,113886.6279296875,113944.1533203125,27058.33984375,26943.2890625,27001.98046875,57.525390625
152,2019-10-17,113944.1533203125,114015.0888671875,27112.16015625,26970.2890625,27025.880859375,70.935546875
153,2019-10-18,114015.0888671875,114139.1484375,27018.25,26770.130859375,26770.19921875,124.0595703125
154,2019-10-21,114139.1484375,114191.673828125,26852.669921875,26747.619140625,26827.640625,52.525390625
155,2019-10-22,114191.673828125,114273.689453125,26946.640625,26782.609375,26788.099609375,82.015625
156,2019-10-23,114273.689453125,114349.634765625,26896.890625,26745.0,26833.94921875,75.9453125
157,2019-10-24,114349.634765625,114458.3544921875,26931.779296875,26714.33984375,26805.529296875,108.7197265625
158,2019-10-25,114458.3544921875,114583.19921875,27015.369140625,26765.6796875,26958.060546875,124.8447265625
159,2019-10-28,114583.19921875,114652.7841796875,27167.880859375,27028.7109375,27090.720703125,69.5849609375
160,2019-10-29,114652.7841796875,114715.8740234375,27165.939453125,27039.759765625,27071.4609375,63.08984375
161,2019-10-30,114715.8740234375,114818.2333984375,27204.359375,26999.640625,27186.689453125,102.359375
162,2019-10-31,114818.2333984375,114953.2734375,27188.369140625,26918.2890625,27046.23046875,135.0400390625
163,2019-11-01,114953.2734375,115055.513671875,27347.4296875,27142.94921875,27347.359375,102.240234375
164,2019-11-04,115055.513671875,115113.2734375,27517.580078125,27402.060546875,27462.109375,57.759765625
165,2019-11-05,115113.2734375,115166.677734375,27560.359375,27453.55078125,27492.630859375,53.404296875
166,2019-11-06,115166.677734375,115225.7978515625,27526.05078125,27407.810546875,27492.560546875,59.1201171875
167,2019-11-07,115225.7978515625,115318.052734375,27774.669921875,27590.16015625,27674.80078125,92.2548828125
168,2019-11-08,115318.052734375,115376.0419921875,27694.94921875,27578.970703125,27681.240234375,57.9892578125
169,2019-11-11,115376.0419921875,115474.40234375,27714.390625,27517.669921875,27691.490234375,98.3603515625
170,2019-11-12,115474.40234375,115542.171875,27770.859375,27635.3203125,27691.490234375,67.76953125
171,2019-11-13,115542.171875,115651.7724609375,27806.400390625,27587.19921875,27783.58984375,109.6005859375
172,2019-11-14,115651.7724609375,115713.642578125,27800.7109375,27676.970703125,27781.9609375,61.8701171875
173,2019-11-15,115713.642578125,115794.318359375,28004.890625,27843.5390625,28004.890625,80.67578125
174,2019-11-18,115794.318359375,115830.18359375,28040.970703125,27969.240234375,28036.220703125,35.865234375
175,2019-11-19,115830.18359375,115928.029296875,28090.2109375,27894.51953125,27934.01953125,97.845703125
176,2019-11-20,115928.029296875,116039.029296875,27897.279296875,27675.279296875,27821.08984375,111.0
177,2019-11-21,116039.029296875,116099.0244140625,27828.330078125,27708.33984375,27766.2890625,59.9951171875
178,2019-11-22,116099.0244140625,116161.2646484375,27898.4609375,27773.98046875,27875.619140625,62.240234375
179,2019-11-25,116161.2646484375,116236.724609375,28068.689453125,27917.76953125,28066.470703125,75.4599609375
180,2019-11-26,116236.724609375,116288.62890625,28146.01953125,28042.2109375,28121.6796875,51.904296875
181,2019-11-27,116288.62890625,116338.4990234375,28174.970703125,28075.23046875,28164.0,49.8701171875
182,2019-11-29,116338.4990234375,116376.9892578125,28119.509765625,28042.529296875,28051.41015625,38.490234375
183,2019-12-02,116376.9892578125,116540.734375,28109.83984375,27782.349609375,27783.0390625,163.7451171875
184,2019-12-03,116540.734375,116640.5390625,27524.740234375,27325.130859375,27502.810546875,99.8046875
185,2019-12-04,116640.5390625,116698.2236328125,27727.44921875,27612.080078125,27649.779296875,57.6845703125
186,2019-12-05,116698.2236328125,116789.4228515625,27745.19921875,27562.80078125,27677.7890625,91.19921875
187,2019-12-06,116789.4228515625,116887.5078125,28035.849609375,27839.6796875,28015.060546875,98.0849609375
188,2019-12-09,116887.5078125,116939.6474609375,28010.419921875,27906.140625,27909.599609375,52.1396484375
189,2019-12-10,116939.6474609375,117012.1572265625,27949.01953125,27804.0,27881.720703125,72.509765625
190,2019-12-11,117012.1572265625,117074.0068359375,27925.5,27801.80078125,27911.30078125,61.849609375
191,2019-12-12,117074.0068359375,117256.546875,28224.94921875,27859.869140625,28132.05078125,182.5400390625
192,2019-12-13,117256.546875,117387.751953125,28290.73046875,28028.3203125,28135.380859375,131.205078125
193,2019-12-16,117387.751953125,117460.662109375,28337.490234375,28191.669921875,28235.890625,72.91015625
194,2019-12-17,117460.662109375,117514.697265625,28328.630859375,28220.560546875,28267.16015625,54.03515625
195,2019-12-18,117514.697265625,117556.6826171875,28323.25,28239.279296875,28239.279296875,41.9853515625
196,2019-12-19,117556.6826171875,117608.302734375,28381.48046875,28278.240234375,28376.9609375,51.6201171875
197,2019-12-20,117608.302734375,117689.8232421875,28608.640625,28445.599609375,28455.08984375,81.5205078125
198,2019-12-23,117689.8232421875,117735.1787109375,28582.490234375,28491.779296875,28551.529296875,45.35546875
199,2019-12-24,117735.1787109375,117771.9736328125,28576.80078125,28503.2109375,28515.44921875,36.794921875
200,2019-12-26,117771.9736328125,117816.4482421875,28624.099609375,28535.150390625,28621.390625,44.474609375
201,2019-12-27,117816.4482421875,117862.7880859375,28701.66015625,28608.98046875,28645.259765625,46.33984375
202,2019-12-30,117862.7880859375,117980.642578125,28664.689453125,28428.98046875,28462.140625,117.8544921875
203,2019-12-31,117980.642578125,118066.072265625,28547.349609375,28376.490234375,28538.439453125,85.4296875
204,2020-01-02,118066.072265625,118188.587890625,28872.80078125,28627.76953125,28868.80078125,122.515625
205,2020-01-03,118188.587890625,118296.5634765625,28716.310546875,28500.359375,28634.880859375,107.9755859375
206,2020-01-06,118296.5634765625,118441.2578125,28708.01953125,28418.630859375,28703.380859375,144.6943359375
207,2020-01-07,118441.2578125,118501.3681640625,28685.5,28565.279296875,28583.6796875,60.1103515625
208,2020-01-08,118501.3681640625,118673.203125,28866.1796875,28522.509765625,28745.08984375,171.8349609375
209,2020-01-09,118673.203125,118745.052734375,28988.009765625,28844.310546875,28956.900390625,71.849609375
210,2020-01-10,118745.052734375,118855.0380859375,29009.0703125,28789.099609375,28823.76953125,109.9853515625
211,2020-01-13,118855.0380859375,118900.2783203125,28909.91015625,28819.4296875,28907.05078125,45.240234375
212,2020-01-14,118900.2783203125,118991.2236328125,29054.16015625,28872.26953125,28939.669921875,90.9453125
213,2020-01-15,118991.2236328125,119106.34375,29127.58984375,28897.349609375,29030.220703125,115.1201171875
214,2020-01-16,119106.34375,119190.529296875,29300.3203125,29131.94921875,29297.640625,84.185546875
215,2020-01-17,119190.529296875,119232.3837890625,29373.619140625,29289.91015625,29348.099609375,41.8544921875
216,2020-01-21,119232.3837890625,119329.75390625,29341.2109375,29146.470703125,29196.0390625,97.3701171875
217,2020-01-22,119329.75390625,119403.7236328125,29320.19921875,29172.259765625,29186.26953125,73.9697265625
218,2020-01-23,119403.7236328125,119515.46875,29190.470703125,28966.98046875,29160.08984375,111.7451171875
219,2020-01-24,119515.46875,119738.2080078125,29288.7890625,28843.310546875,28989.73046875,222.7392578125
220,2020-01-27,119738.2080078125,119853.8671875,28671.7890625,28440.470703125,28535.80078125,115.6591796875
221,2020-01-28,119853.8671875,119977.607421875,28823.23046875,28575.75,28722.849609375,123.740234375
222,2020-01-29,119977.607421875,120085.6328125,28944.240234375,28728.189453125,28734.44921875,108.025390625
223,2020-01-30,120085.6328125,120280.6083984375,28879.7109375,28489.759765625,28859.439453125,194.9755859375
224,2020-01-31,120280.6083984375,120602.36328125,28813.0390625,28169.529296875,28256.029296875,321.7548828125
225,2020-02-03,120602.36328125,120757.7333984375,28630.390625,28319.650390625,28399.810546875,155.3701171875
226,2020-02-04,120757.7333984375,120861.8037109375,28904.880859375,28696.740234375,28807.630859375,104.0703125
227,2020-02-05,120861.8037109375,121015.82421875,29308.890625,29000.849609375,29290.849609375,154.0205078125
228,2020-02-06,121015.82421875,121096.384765625,29408.05078125,29246.9296875,29379.76953125,80.560546875
229,2020-02-07,121096.384765625,121211.3544921875,29286.919921875,29056.98046875,29102.509765625,114.9697265625
230,2020-02-10,121211.3544921875,121352.5595703125,29278.0703125,28995.66015625,29276.8203125,141.205078125
231,2020-02-11,121352.5595703125,121455.01953125,29415.390625,29210.470703125,29276.33984375,102.4599609375
232,2020-02-12,121455.01953125,121535.9296875,29568.5703125,29406.75,29551.419921875,80.91015625
233,2020-02-13,121535.9296875,121630.6650390625,29535.400390625,29345.9296875,29423.310546875,94.7353515625
234,2020-02-14,121630.6650390625,121720.5947265625,29463.0390625,29283.1796875,29398.080078125,89.9296875
235,2020-02-18,121720.5947265625,121827.26953125,29330.16015625,29116.810546875,29232.189453125,106.6748046875
236,2020-02-19,121827.26953125,121894.6240234375,29409.08984375,29274.380859375,29348.029296875,67.3544921875
237,2020-02-20,121894.6240234375,122099.0234375,29368.44921875,28959.650390625,29219.98046875,204.3994140625
238,2020-02-21,122099.0234375,122225.9384765625,29146.529296875,28892.69921875,28992.41015625,126.9150390625
239,2020-02-24,122225.9384765625,122471.18359375,28402.9296875,27912.439453125,27960.80078125,245.2451171875
240,2020-02-25,122471.18359375,123046.9736328125,28149.19921875,26997.619140625,27081.359375,575.7900390625
241,2020-02-26,123046.9736328125,123372.8779296875,27542.779296875,26890.970703125,26957.58984375,325.904296875
242,2020-02-27,123372.8779296875,123884.123046875,26775.310546875,25752.8203125,25766.640625,511.2451171875
243,2020-02-28,123884.123046875,124290.73828125,25494.240234375,24681.009765625,25409.359375,406.615234375
244,2020-03-02,124290.73828125,124947.8427734375,26706.169921875,25391.9609375,26703.3203125,657.1044921875
245,2020-03-03,124947.8427734375,125636.998046875,27084.58984375,25706.279296875,25917.41015625,689.1552734375
246,2020-03-04,125636.998046875,126045.0126953125,27102.33984375,26286.310546875,27090.859375,408.0146484375
247,2020-03-05,126045.0126953125,126409.3076171875,26671.919921875,25943.330078125,26121.279296875,364.294921875
248,2020-03-06,126409.3076171875,126793.1884765625,25994.380859375,25226.619140625,25864.779296875,383.880859375
249,2020-03-09,126793.1884765625,127436.3330078125,24992.359375,23706.0703125,23851.01953125,643.14453125
250,2020-03-10,127436.3330078125,128101.658203125,25020.990234375,23690.33984375,25018.16015625,665.3251953125
251,2020-03-11,128101.658203125,128739.8134765625,24604.630859375,23328.3203125,23553.220703125,638.1552734375
252,2020-03-12,128739.8134765625,129581.5576171875,22837.94921875,21154.4609375,21200.619140625,841.744140625
253,2020-03-13,129581.5576171875,130533.7529296875,23189.759765625,21285.369140625,23185.619140625,952.1953125
254,2020-03-16,130533.7529296875,131359.662109375,21768.279296875,20116.4609375,20188.51953125,825.9091796875
255,2020-03-17,131359.662109375,132108.20703125,21379.349609375,19882.259765625,21237.380859375,748.544921875
256,2020-03-18,132108.20703125,132894.1416015625,20489.330078125,18917.4609375,19898.919921875,785.9345703125
257,2020-03-19,132894.1416015625,133526.8916015625,20442.630859375,19177.130859375,20087.189453125,632.75
258,2020-03-20,133526.8916015625,134245.38671875,20531.259765625,19094.26953125,19173.98046875,718.4951171875
259,2020-03-23,134245.38671875,134699.06640625,19121.009765625,18213.650390625,18591.9296875,453.6796875
260,2020-03-24,134699.06640625,135243.291015625,20737.69921875,19649.25,20704.91015625,544.224609375
261,2020-03-25,135243.291015625,135984.0859375,22019.9296875,20538.33984375,21200.55078125,740.794921875
262,2020-03-26,135984.0859375,136568.06640625,22595.060546875,21427.099609375,22552.169921875,583.98046875
263,2020-03-27,136568.06640625,136997.216796875,22327.5703125,21469.26953125,21636.779296875,429.150390625
264,2020-03-30,136997.216796875,137425.2216796875,22378.08984375,21522.080078125,22327.48046875,428.0048828125
265,2020-03-31,137425.2216796875,137739.3662109375,22480.369140625,21852.080078125,21917.16015625,314.14453125
266,2020-04-01,137739.3662109375,138090.771484375,21487.240234375,20784.4296875,20943.509765625,351.4052734375
267,2020-04-02,138090.771484375,138462.146484375,21477.76953125,20735.01953125,21413.439453125,371.375
268,2020-04-03,138462.146484375,138754.5068359375,21447.810546875,20863.08984375,21052.529296875,292.3603515625
269,2020-04-06,138754.5068359375,139299.416015625,22783.44921875,21693.630859375,22679.990234375,544.9091796875
270,2020-04-07,139299.416015625,139790.8115234375,23617.240234375,22634.44921875,22653.859375,491.3955078125
271,2020-04-08,139790.8115234375,140206.0166015625,23513.400390625,22682.990234375,23433.5703125,415.205078125
272,2020-04-09,140206.0166015625,140458.466796875,24008.990234375,23504.08984375,23719.369140625,252.4501953125
273,2020-04-13,140458.466796875,140760.2568359375,23698.9296875,23095.349609375,23390.76953125,301.7900390625
274,2020-04-14,140760.2568359375,140938.8271484375,24040.580078125,23683.439453125,23949.759765625,178.5703125
275,2020-04-15,140938.8271484375,141147.02734375,23649.720703125,23233.3203125,23504.349609375,208.2001953125
276,2020-04-16,141147.02734375,141340.376953125,23598.080078125,23211.380859375,23537.6796875,193.349609375
277,2020-04-17,141340.376953125,141563.9072265625,24264.2109375,23817.150390625,24242.490234375,223.5302734375
278,2020-04-20,141563.9072265625,141804.6572265625,24108.689453125,23627.189453125,23650.439453125,240.75
279,2020-04-21,141804.6572265625,142016.341796875,23365.25,22941.880859375,23018.880859375,211.6845703125
280,2020-04-22,142016.341796875,142153.091796875,23613.099609375,23339.599609375,23475.8203125,136.75
281,2020-04-23,142153.091796875,142354.0966796875,23885.359375,23483.349609375,23515.259765625,201.0048828125
282,2020-04-24,142354.0966796875,142558.2568359375,23826.0,23417.6796875,23775.26953125,204.16015625
283,2020-04-27,142558.2568359375,142741.77734375,24207.650390625,23840.609375,24133.779296875,183.5205078125
284,2020-04-28,142741.77734375,142982.2978515625,24512.240234375,24031.19921875,24101.55078125,240.5205078125
285,2020-04-29,142982.2978515625,143137.6875,24764.76953125,24453.990234375,24633.859375,155.3896484375
286,2020-04-30,143137.6875,143337.0224609375,24585.5703125,24186.900390625,24345.720703125,199.3349609375
287,2020-05-01,143337.0224609375,143574.76171875,24120.779296875,23645.30078125,23723.689453125,237.7392578125
288,2020-05-04,143574.76171875,143778.9619140625,23769.560546875,23361.16015625,23749.759765625,204.2001953125
289,2020-05-05,143778.9619140625,143929.3671875,24169.720703125,23868.91015625,23883.08984375,150.4052734375
290,2020-05-06,143929.3671875,144126.091796875,24054.58984375,23661.140625,23664.640625,196.724609375
291,2020-05-07,144126.091796875,144256.2060546875,24094.619140625,23834.390625,23875.890625,130.1142578125
292,2020-05-08,144256.2060546875,144377.630859375,24349.900390625,24107.05078125,24331.3203125,121.4248046875
293,2020-05-11,144377.630859375,144525.6259765625,24366.2109375,24070.220703125,24221.990234375,147.9951171875
294,2020-05-12,144525.6259765625,144835.880859375,24382.08984375,23761.580078125,23764.779296875,310.2548828125
295,2020-05-13,144835.880859375,145156.5107421875,23708.900390625,23067.640625,23247.970703125,320.6298828125
296,2020-05-14,145156.5107421875,145577.130859375,23630.859375,22789.619140625,23625.33984375,420.6201171875
297,2020-05-15,145577.130859375,145765.095703125,23730.080078125,23354.150390625,23685.419921875,187.96484375
298,2020-05-18,145765.095703125,146089.375,24708.5390625,24059.98046875,24597.369140625,324.279296875
299,2020-05-19,146089.375,146287.64453125,24599.5,24202.9609375,24206.859375,198.26953125
300,2020-05-20,146287.64453125,146384.4150390625,24649.48046875,24455.939453125,24575.900390625,96.7705078125
301,2020-05-21,146384.4150390625,146558.205078125,24718.4609375,24370.880859375,24474.119140625,173.7900390625
302,2020-05-22,146558.205078125,146651.990234375,24481.640625,24294.0703125,24465.16015625,93.78515625
303,2020-05-26,146651.990234375,146849.2802734375,25176.419921875,24781.83984375,24995.109375,197.2900390625
304,2020-05-27,146849.2802734375,147120.1259765625,25551.560546875,25009.869140625,25548.26953125,270.845703125
305,2020-05-28,147120.1259765625,147320.1552734375,25758.7890625,25358.73046875,25400.640625,200.029296875
306,2020-05-29,147320.1552734375,147545.720703125,25482.80078125,25031.669921875,25383.109375,225.5654296875
307,2020-06-01,147545.720703125,147689.8056640625,25508.830078125,25220.66015625,25475.01953125,144.0849609375
308,2020-06-02,147689.8056640625,147799.5009765625,25743.130859375,25523.740234375,25742.650390625,109.6953125
309,2020-06-03,147799.5009765625,148014.935546875,26337.75,25906.880859375,26269.890625,215.4345703125
310,2020-06-04,148014.935546875,148165.830078125,26384.099609375,26082.310546875,26281.8203125,150.89453125
311,2020-06-05,148165.830078125,148416.580078125,27338.30078125,26836.80078125,27110.98046875,250.75
312,2020-06-08,148416.580078125,148590.4453125,27580.2109375,27232.48046875,27572.439453125,173.865234375
313,2020-06-09,148590.4453125,148738.599609375,27447.369140625,27151.060546875,27272.30078125,148.154296875
